{
  "hu": {
    "lang.name": "Magyar",
    "menu.salons": "Szalonjaink",
    "menu.pricesServices": "Áraink és Szolgáltatásaink",
    "menu.webshop": "Webshop",
    "menu.contact": "Kapcsolat",
    "menu.about": "Rólunk",
    "menu.loyalty": "Hűségprogram",
    "menu.franchise": "Franchise",
    "menu.career": "Karrier",
    "menu.education": "Oktatás",
    "header.booking": "Időpontfoglalás",
    "header.followUs": "Kövess minket",
    "header.language.label": "Nyelvválasztó",
    "home.hero.kicker": "KLEOPÁTRA SZÉPSÉGSZALONOK · TÖBB MINT 30 ÉVE",
    "home.hero.title.prefix": "Éld át a ",
    "home.hero.title.highlight": "Kleopátra-élményt",
    "home.hero.title.suffix": " – prémium szépségszolgáltatások, akár bejelentkezés nélkül.",
    "home.hero.lead": "Fodrászat, kozmetika, manikűr–pedikűr, szolárium és masszázs egy helyen. Tapasztalt szakembereinkkel és minőségi termékeinkkel várunk minden szalonunkban.",
    "home.hero.pill.hair": "Fodrászat",
    "home.hero.pill.beauty": "Kozmetika",
    "home.hero.pill.handsFeet": "Kéz- és lábápolás",
    "home.hero.pill.solarium": "Szolárium",
    "home.hero.pill.massage": "Masszázs",
    "home.hero.cta.book": "Időpontfoglalás / szalonok",
    "home.hero.cta.services": "Szolgáltatásaink",
    "home.hero.media.webshop": "Webshop",
    "home.hero.media.appChip": "Töltsd le mobilalkalmazásunkat",
    "home.strips.franchise": "Franchise program",
    "home.strips.app": "Mobilalkalmazás",
    "home.strips.newsletter": "Hűségprogram / hírlevél",
    "home.strips.contact": "Kapcsolat",
    "home.franchise.kicker": "Franchise program",
    "home.franchise.title": "Építsd fel saját Kleopátra Szépségszalonod!",
    "home.franchise.lead": "Csatlakozz országos hálózatunkhoz, és használd ki a több mint 30 év tapasztalatát, kész üzleti modellünket és marketingtámogatásunkat.",
    "home.franchise.bullet1": "Országosan ismert, bejáratott márkanév",
    "home.franchise.bullet2": "Marketing és grafikai támogatás központból",
    "home.franchise.bullet3": "HR-támogatás, folyamatos képzések és oktatás",
    "home.franchise.bullet4": "Kedvezményes eszköz- és anyagbeszerzés",
    "home.franchise.bullet5": "Központi ügyfélmenedzsment és foglalási rendszer",
    "home.franchise.cta": "Tovább a franchise programra",
    "home.franchise.imageAlt": "Kleopátra franchise hálózat",
    "home.app.kicker": "Mobilalkalmazás",
    "home.app.title": "Kleopátra mobilapp – foglalj bárhonnan",
    "home.app.lead": "Időpontfoglalás, kezeléstörténet és személyre szabott ajánlatok – minden egyetlen alkalmazásban.",
    "home.app.bullet1": "Gyors időpontfoglalás pár kattintással",
    "home.app.bullet2": "Kezeléstörténet és kedvenc szolgáltatások",
    "home.app.bullet3": "Push értesítések akciókról, újdonságokról",
    "home.app.bullet4": "Digitális hűségkártya és kedvezmények",
    "home.app.cta.primary": "Letöltés – hamarosan",
    "home.app.cta.secondary": "További információ",
    "home.app.imageAlt": "Kleopátra mobilalkalmazás",
    "home.vouchers.kicker": "Ajándékutalványok",
    "home.vouchers.title": "Ajándékozz Kleopátra-élményt",
    "home.vouchers.lead1": "Ajándékutalványainkkal biztosan örömet szerzel – a megajándékozott maga választhatja ki a számára legkedvesebb szolgáltatást.",
    "home.vouchers.lead2": "Többféle értékben elérhető utalványainkat online is megvásárolhatod, akár azonnali e-mailes kézbesítéssel.",
    "home.vouchers.badge": "Ajándékba – születésnapra, évfordulóra, ünnepekre",
    "home.vouchers.cta": "Ajándékutalványok a webshopban",
    "home.vouchers.imageAlt": "Ajándékutalványok Kleopátra Szépségszalon",
    "home.newsletter.kicker": "Hűségprogram és hírlevél",
    "home.newsletter.titlePrefix": "Csatlakozz hűségprogramunkhoz, és már az első alkalommal",
    "home.newsletter.titleSuffix": "kedvezményt kapsz a kezeléseidből.",
    "home.newsletter.lead": "Értesülj elsőként újdonságainkról, akcióinkról, eseményeinkről, és gyűjts extra kedvezményeket.",
    "home.newsletter.cta": "Tovább a hűségprogramhoz",
    "home.products.kicker": "Kleos termékek",
    "home.products.title": "100% Kleopátrás megjelenés – vedd magadra az élményt!",
    "home.products.lead1": "Limitált kollekciós termékeinkkel a Kleopátra-élményt a mindennapjaidba is magaddal viheted.",
    "home.products.lead2": "Válaszd ki kedvenc darabjaid – stílusos, igényes kiegészítők és ajándéktárgyak várnak webshopunkban.",
    "home.products.cta": "Tovább a webshopba",
    "home.products.imageAlt": "Kleos termékek – ajándéktárgyak és kiegészítők",
    "home.services.kicker": "Szolgáltatásaink",
    "home.services.title": "Minden, amire a szépségednek szüksége lehet",
    "home.services.lead": "Nálunk egy helyen éred el a teljes szépségszolgáltatás-palettát – a frizurától a bőrápoláson át a teljes megújulásig.",
    "services.cards.hair.title": "Fodrászat",
    "services.cards.hair.text": "Női, férfi és gyermek hajvágás, festés, melír, balayage, hajkezelések és alkalmi frizurák – prémium termékekkel.",
    "services.cards.hair.cta": "Árak és fodrászati szolgáltatások",
    "services.cards.beauty.title": "Kozmetika",
    "services.cards.beauty.text": "Arckezelések, gépi kezelések, smink és szemöldökformázás – a klasszikus és modern szépségápolás találkozása.",
    "services.cards.beauty.cta": "Árak és kozmetikai szolgáltatások",
    "services.cards.handsFeet.title": "Kéz- és lábápolás",
    "services.cards.handsFeet.text": "Manikűr, gél lakk, műköröm, pedikűr – ápolt kezek és lábak a mindennapokra és különleges alkalmakra.",
    "services.cards.handsFeet.cta": "Kéz- és lábápolás árlista",
    "services.cards.solarium.title": "Szolárium",
    "services.cards.solarium.text": "Modern szoláriumgépek, átgondolt bérletes konstrukciók – barnulj biztonságosan, szakértői iránymutatással.",
    "services.cards.solarium.cta": "Szolárium árak és bérletek",
    "services.cards.massage.title": "Masszázs",
    "services.cards.massage.text": "Frissítő, relaxáló és célzott masszázsok, amelyek segítenek oldani a mindennapi feszültséget.",
    "services.cards.massage.cta": "Masszázs szolgáltatások",
    "services.cards.fitness.title": "Fitness / Wellness",
    "services.cards.fitness.text": "Gyöngyösi fitnesz- és wellness szolgáltatásainkkal a teljes testi-lelki megújulást célozzuk.",
    "services.cards.fitness.cta": "Fitness és wellness részletek",
    "services.page.viewPriceList": "MEGNÉZEM AZ ÁRLISTÁT",
    "services.highlight.sectionTitle": "Kiemelt szolgáltatásaink",
    "services.highlight.sectionLead": "Néhány ikonikus kezelésünk a Kleopátra Szépségszalonok kínálatából – kattints a részletekért.",
    "services.highlight.lash.title": "Műszempilla építés",
    "services.highlight.hairwash.title": "Hajmosás után hideg víz",
    "services.highlight.facemassage.title": "Arcmasszázs",
    "services.highlight.actisztitas.title": "Arctisztító kezelés",
    "services.highlight.joico.title": "Joico hajkezelés",
    "services.highlight.hotcut.title": "Melegollós hajvágás",
    "services.highlight.ipl.title": "IPL végleges szőrtelenítés",
    "services.highlight.more": "Bővebben",
    "services.page.heroAlt": "Kleopátra Szépségszalon – fodrászat, kozmetika és wellness egy helyen",
    "services.page.eyebrow": "Szolgáltatások",
    "services.page.titlePrefix": "Szolgáltatásaink",
    "services.page.titleSuffix": "– mindent egy helyen",
    "services.page.lead": "Prémium fodrászati, kozmetikai, kéz- és lábápolási, szolárium és masszázs szolgáltatások – egységes Kleopátra-minőségben, minden szalonunkban.",
    "services.detail.hair.eyebrow": "Fodrászat",
    "services.detail.hair.title": "Szalonfodrászat, amely kihozza a maximumot a hajadból",
    "services.detail.hair.lead": "Fodrászaink a klasszikus technikákat a legújabb trendekkel ötvözik – a konzultáció során figyelembe vesszük arcvonalad, hajtípusod és életmódod, hogy a frizura hosszú távon is hordható legyen.",
    "services.detail.hair.bullet1": "Női, férfi és gyermek hajvágás, formázás és teljes megújulás.",
    "services.detail.hair.bullet2": "Festés, melír, balayage és színkorrekció professzionális termékekkel.",
    "services.detail.hair.bullet3": "Hajápoló kezelések, hajregeneráló kúrák és személyre szabott otthoni ápolási tanácsadás.",
    "services.detail.hair.cta": "Fodrász árlista megnyitása",
    "services.detail.beauty.eyebrow": "Kozmetika",
    "services.detail.beauty.title": "Kozmetikai kezelések a ragyogó, egészséges bőrért",
    "services.detail.beauty.lead": "Kezeléseink a bőr állapotfelmérésével indulnak, így minden alkalommal olyan protokollt állítunk össze, amely illeszkedik bőrtípusodhoz és céljaidhoz – legyen az hidratálás, anti-aging vagy tisztítás.",
    "services.detail.beauty.bullet1": "Klasszikus és gépi arckezelések, anti-aging és problémamegoldó kúrák.",
    "services.detail.beauty.bullet2": "Szemöldök- és szempillaformázás, festés, tartósbögre- és lifting technikák.",
    "services.detail.beauty.bullet3": "Alkalmi és nappali smink, menyasszonyi smink professzionális termékekkel.",
    "services.detail.beauty.cta": "Kozmetikai árlista megnyitása",
    "services.detail.handsfeet.eyebrow": "Kéz- és lábápolás",
    "services.detail.handsfeet.title": "Ápolt kezek és lábak – kompromisszumok nélkül",
    "services.detail.handsfeet.lead": "Manikűröseink és pedikűröseink higiénikus, gondos munkával tesznek az esztétikus megjelenésért és a komfortérzetedért – a gyors frissítéstől a teljes lábápolásig.",
    "services.detail.handsfeet.bullet1": "Manikűr, gél lakk, műköröm építés és megerősítő kezelések.",
    "services.detail.handsfeet.bullet2": "Esztétikai és wellness pedikűr, bőrkeményedés- és sarokápolás.",
    "services.detail.handsfeet.bullet3": "Higiéniai protokollok, professzionális fertőtlenítés és gondosan válogatott ápoló termékek.",
    "services.detail.handsfeet.cta": "Kéz- és lábápolás árlista megnyitása",
    "services.detail.solarium.eyebrow": "Szolárium",
    "services.detail.solarium.title": "Egyenletes, napbarnított bőr modern szoláriumgépekkel",
    "services.detail.solarium.lead": "Szoláriumainkban a bőrtípusodhoz igazított időbeállítással, szakértői útmutatással segítünk elérni az egészséges, egyenletes barnaságot.",
    "services.detail.solarium.bullet1": "Rendszeresen karbantartott, korszerű fekvő és álló gépek.",
    "services.detail.solarium.bullet2": "Személyre szabott barnulási terv és fényvédelmi tanácsadás.",
    "services.detail.solarium.bullet3": "Minőségi szoláriumkozmetikumok a tartósabb, szebb színért.",
    "services.detail.solarium.cta": "Szolárium árlista megnyitása",
    "services.detail.massage.eyebrow": "Masszázs",
    "services.detail.massage.title": "Masszázs a teljes testi-lelki feltöltődésért",
    "services.detail.massage.lead": "Masszőreink különböző technikákból építik fel a kezelést – figyelembe véve az izomfeszültségeket, terhelést és stressz-szintet, hogy valódi regenerációt kapj.",
    "services.detail.massage.bullet1": "Relaxáló, frissítő és sportmasszázs a feszes, fáradt izmok fellazítására.",
    "services.detail.massage.bullet2": "Célzott hát-, nyak- és vállövi kezelések a mindennapi ülőmunka kompenzálására.",
    "services.detail.massage.bullet3": "Aromaterápiás és wellness masszázsok a teljes kikapcsolódásért.",
    "services.detail.massage.cta": "Masszázs árlista megnyitása",
    "services.detail.fitness.eyebrow": "Fitness & wellness",
    "services.detail.fitness.title": "Kiegészítő wellness- és testkezelések a hosszú távú eredményért",
    "services.detail.fitness.lead": "A szépség és a jó közérzet összetartozik: testkezeléseink és wellness szolgáltatásaink támogatják az alakformálást, a regenerációt és az energiaszint növelését.",
    "services.detail.fitness.bullet1": "Alakformáló és feszesítő testkezelések, amelyek kiegészítik az életmódbeli változtatásokat.",
    "services.detail.fitness.bullet2": "Wellness-jellegű programok a regeneráció és stresszoldás támogatására.",
    "services.detail.fitness.bullet3": "Személyre szabott javaslatok a kezelés utáni otthoni ápolásra és életmódra.",
    "services.detail.fitness.cta": "További információk és árak",
    "salons.list.eyebrow": "Szalonjaink",
    "salons.list.titlePrefix": "Bejelentkezés nélkül is várunk már",
    "salons.list.titleSuffix": "helyszínen!",
    "salons.list.lead": "Válaszd ki a hozzád legközelebb eső Kleopátra Szépségszalont, és lépj be a több mint 30 éves szakértelem világába.",
    "salons.list.heroAlt": "Kleopátra Szalonok",
    "salons.list.mapTitle": "Szalonjaink térképen",
    "salons.list.mapText": "Itt egy pillantással áttekintheted, hol találhatók Kleopátra Szépségszalonjaink.",
    "salons.list.facebookTitle": "Kövess minket a Facebookon",
    "salons.list.facebookText": "Akciók, újdonságok, kulisszatitkok – csatlakozz közösségünkhöz a közösségi médiában.",
    "salons.list.bookingTitle": "Online időpontfoglalás",
    "salons.list.bookingText": "Használd központi foglalási rendszerünket, válaszd ki a szalont, a szolgáltatást és az időpontot néhány kattintással.",
    "salon.detail.eyebrow": "Szalonjaink",
    "salon.detail.lead": "Ebben a Kleopátra Szépségszalonban is komplett szépségápolási szolgáltatásokat kínálunk – fodrászat, kozmetika, kéz- és lábápolás, masszázs és további kezelések várnak modern, egységes környezetben.",
    "salon.detail.basicTitle": "Alapadatok",
    "salon.detail.basicLabel.name": "Szalon neve:",
    "salon.detail.basicLabel.address": "Cím:",
    "salon.detail.basicLabel.services": "Szolgáltatások:",
    "salon.detail.basicLabel.payments": "Fizetési módok:",
    "salon.detail.basicServices": "fodrászat, kozmetika, kéz- és lábápolás, masszázs, szolárium (helyszínenként eltérhet).",
    "salon.detail.basicPayments": "készpénz, bankkártya, SZÉP-kártya.",
    "salon.detail.bookingTitle": "Időpontfoglalás",
    "salon.detail.bookingText": "Időpontot foglalhatsz online a foglalási widgeten keresztül, mobilalkalmazásunkból vagy telefonon. Akár bejelentkezés nélkül is betérhetsz, kollégáink a lehető legrövidebb időn belül fogadnak.",
    "salon.detail.bookingBack": "Vissza a szalonlistához",
    "salon.detail.mapTitle": "Térkép és megközelítés",
    "salon.detail.mapOpen": "Megnyitás a térképen",
    "salon.detail.infoTitle": "Hasznos tudnivalók",
    "salon.detail.infoText1": "Szalonjaink könnyen megközelíthetők tömegközlekedéssel és gépkocsival is. A pontos parkolási lehetőségeket és aktuális nyitvatartást a foglalási widgetben, illetve a visszaigazoló e-mailben is megtalálod.",
    "salon.detail.infoText2": "Ha speciális kérésed van (pl. kedvenc fodrász, kozmetikus vagy időpontegyeztetés), kérjük, jelezd a megjegyzésben vagy telefonon.",
    "salon.detail.loading": "Szalonadatok betöltése...",
    "salon.detail.error": "Nem sikerült betölteni a szalonadatokat. Kérjük, próbáld meg később.",
    "header.alt.logo": "Kleopátra Szépségszalonok logó",
    "header.aria.homeLink": "Főoldal",
    "header.aria.mainNav": "Fő navigáció",
    "footer.aria.legalNav": "Jogi és információs oldalak",
    "footer.links.privacy": "ADATVÉDELEM",
    "footer.links.cookies": "COOKIE TÁJÉKOZTATÓ",
    "footer.links.complaints": "PANASZKEZELÉSI SZABÁLYZAT",
    "footer.links.newsletter": "HÍRLEVÉL",
    "footer.links.payments": "FIZETÉSI LEHETŐSÉGEK",
    "footer.links.imprint": "IMPRESSZUM",
    "footer.follow.label": "Kövess minket!",
    "footer.cookie.text": "A weboldal sütiket használ a teljes funkcionalitás érdekében.",
    "footer.cookie.details": "Részletek",
    "footer.cookie.accept": "Értem!",
    "cart.fab.label": "Kosár",
    "about.hero.imageAlt": "Kleopátra Szépségszalonok – rólunk",
    "about.hero.eyebrow": "Rólunk",
    "about.hero.title": "Miért válaszd a Kleopátra Szépségszalonokat?",
    "about.hero.lead": "Célunk, hogy a lehető legrövidebb idő alatt, a legtöbb szépségápolási szolgáltatást egy helyen biztosítsuk számodra, egységes arculattal és magas szakmai színvonallal.",
    "about.card1.title": "Minden egy helyen",
    "about.card1.text": "Fodrászat, kozmetika, kéz- és lábápolás, masszázs, szolárium – hogy a magabiztos megjelenéshez szükséges szolgáltatásokat egy csapat biztosítsa neked.",
    "about.card2.title": "Vendégközpontú gondolkodás",
    "about.card2.text": "Fontos számunkra az időd és az élmény, amit nálunk töltesz. Hosszú nyitvatartással, rugalmas bejelentkezéssel és kedves, felkészült kollégákkal várunk.",
    "pricelist.hero.eyebrow": "Szolgáltatásaink",
    "pricelist.hero.title": "Árlista és szolgáltatások",
    "pricelist.hero.lead": "Válaszd ki a hozzád legközelebb eső Kleopátra Szépségszalont, és nézd meg az ott elérhető szolgáltatásokat.",
    "pricelist.location.label": "Telephely kiválasztása:",
    "pricelist.location.all": "Összes szalon",
    "pricelist.duration.unitMinutes": "perc",
    "pricelist.price.custom": "egyedi ár",
    "pricelist.category.1": "Fodrászat",
    "pricelist.category.2": "Kozmetika",
    "pricelist.category.3": "Manikűr / műköröm",
    "pricelist.category.4": "Pedikűr",
    "pricelist.category.5": "Szolárium",
    "pricelist.category.6": "Masszázs",
    "pricelist.category.7": "Egyéb / kiegészítők",
    "pricelist.category.other": "Egyéb szolgáltatások",
    "contact.hero.eyebrow": "Kapcsolat",
    "contact.hero.title": "Lépj velünk kapcsolatba",
    "contact.hero.lead": "Időpontfoglalással, szolgáltatásokkal vagy együttműködéssel kapcsolatban írj nekünk, kollégáink hamarosan válaszolnak.",
    "contact.info.title": "Elérhetőségeink",
    "contact.info.phone": "Telefon",
    "contact.info.email": "E-mail",
    "contact.info.hours": "Nyitvatartás",
    "contact.info.social": "Kövess minket online!",
    "contact.form.title": "Írj üzenetet",
    "contact.form.name": "Név",
    "contact.form.email": "E-mail cím",
    "contact.form.phone": "Telefonszám",
    "contact.form.message": "Üzenet",
    "contact.form.submit": "Üzenet elküldése",
    "contact.form.success": "Köszönjük az üzeneted, hamarosan felvesszük veled a kapcsolatot.",
    "contact.form.error": "Hiba történt az üzenet küldése közben. Kérlek, próbáld meg később.",
    "loyalty.hero.eyebrow": "Hűségprogram",
    "loyalty.hero.title": "Kleo Card – a Kleopátra hűségkártyád",
    "loyalty.hero.lead": "Gyűjts pontokat minden szalonlátogatás alkalmával, és váltsd be őket kedvezményekre, ajándékokra, bérletekre.",
    "loyalty.block1.title": "Pontgyűjtés egyszerűen",
    "loyalty.block1.text": "Minden igénybe vett szolgáltatás és vásárlás után pontokat írunk jóvá a Kleo Cardodon, melyeket később beválthatsz.",
    "loyalty.block2.title": "Exkluzív kedvezmények",
    "loyalty.block2.text": "Akciók, születésnapi meglepetések, extra kedvezmények – a Kleo Card tulajdonosokat mindig elsőként értesítjük.",
    "loyalty.block3.title": "Online és szalonban is",
    "loyalty.block3.text": "Hűségpontjaidat a szalonokban és az online webshopban is felhasználhatod, egyetlen fiókkal.",
    "franchise.hero.eyebrow": "Franchise",
    "franchise.hero.title": "Nyiss Kleopátra Szépségszalont",
    "franchise.hero.lead": "Csatlakozz Magyarország egyik legismertebb szépségszalon-hálózatához, és építs saját vállalkozást kipróbált rendszerrel.",
    "franchise.block1.title": "Bejáratott márka",
    "franchise.block1.text": "Egységes arculat, ismert név, országos marketing – a Kleopátra márka mögött több mint 30 év tapasztalat áll.",
    "franchise.block2.title": "Teljes szakmai támogatás",
    "franchise.block2.text": "Megkapod a know-how-t a szalonnyitástól a napi üzemeltetésig, képzésekkel, folyamatleírásokkal, szakmai anyagokkal.",
    "franchise.block3.title": "Rugalmas konstrukciók",
    "franchise.block3.text": "Segítünk megtalálni a hozzád illő üzleti modellt – új szalon nyitásától a meglévő átalakításáig.",
    "career.hero.eyebrow": "Karrier",
    "career.hero.title": "Csatlakozz a Kleopátra csapatához",
    "career.hero.lead": "Szeretnél egy stabil, jól szervezett és vendégközpontú környezetben dolgozni, ahol a szépségápolás valódi élményt jelent?",
    "career.hero.imageAlt": "Kleopátra Szépségszalon – karrier lehetőségek",
    "career.card1.title": "Nyitott pozíciók",
    "career.card1.text": "Szalonvezető, fodrász, kozmetikus, kéz- és lábápoló, masszőr és recepciós munkakörökben várjuk jelentkezésed – tapasztalt szakembereknek és pályakezdőknek egyaránt.",
    "career.card2.title": "Miért jó nálunk dolgozni?",
    "career.card2.text": "Stabil háttér, egységes arculat, folyamatos szakmai fejlődési lehetőség és támogató csapat vár a Kleopátra Szépségszalonok hálózatában.",
    "training.hero.eyebrow": "Oktatás",
    "training.hero.title": "Kleopátra Akadémia",
    "training.hero.lead": "Belső képzési rendszerünk a szakmai fejlődést, az egységes vendégélményt és a márkaérték hosszú távú építését szolgálja.",
    "training.card1.title": "Belső képzések",
    "training.card1.text": "Folyamatos tréningek fodrász, kozmetikus és kéz- és lábápoló kollégáink számára, hogy mindig naprakész technikákkal dolgozhassanak.",
    "training.card2.title": "Mini teszt – alap kozmetikai tudás",
    "training.quiz.q1.question": "Melyik bőrtípusra jellemző a zsíros T-vonal, szárazabb orcákkal?",
    "training.quiz.q1.optionA": "Száraz bőr",
    "training.quiz.q1.optionB": "Normál bőr",
    "training.quiz.q1.optionC": "Kombinált bőr",
    "training.quiz.q1.optionD": "Érzékeny bőr",
    "training.quiz.q2.question": "Milyen gyakran ajánlott az arcbőr kíméletes radírozása normál bőrtípusnál?",
    "training.quiz.q2.optionA": "Naponta",
    "training.quiz.q2.optionB": "Hetente 2–3 alkalommal",
    "training.quiz.q2.optionC": "Hetente egyszer",
    "training.quiz.q2.optionD": "Soha",
    "training.quiz.submit": "Teszt kiértékelése",
    "training.quiz.resultPrefix": "Eredmény:",
    "training.quiz.resultSuffix": "helyes válasz.",
    "webshop.detail.breadcrumb": "Webshop termék",
    "webshop.detail.loadingProduct": "Termék betöltése…",
    "webshop.detail.notFound": "Nem található ez a termék.",
    "webshop.detail.productError": "Nem sikerült betölteni a termék adatait.",
    "webshop.detail.noImage": "Nincs kép ehhez a termékhez.",
    "webshop.detail.reviewsCountLabel": "vélemény",
    "webshop.detail.reviewsError": "Nem sikerült betölteni a véleményeket.",
    "webshop.detail.reviewsTitle": "Vélemények",
    "webshop.detail.reviewsLoading": "Vélemények betöltése…",
    "webshop.detail.reviewsEmpty": "Még nem érkezett vélemény ehhez a termékhez. Légy te az első!",
    "webshop.detail.reviewFormTitle": "Írj véleményt a termékről",
    "webshop.detail.nameLabel": "Név (nem kötelező)",
    "webshop.detail.namePlaceholder": "Add meg a neved (opcionális)",
    "webshop.detail.ratingLabel": "Értékelés",
    "webshop.detail.textLabel": "Vélemény",
    "webshop.detail.textPlaceholder": "Írd le, mit tapasztaltál a termékkel kapcsolatban…",
    "webshop.detail.submitLoading": "Küldés…",
    "webshop.detail.submitLabel": "Vélemény elküldése",
    "webshop.detail.submitError": "Nem sikerült elmenteni a véleményt.",
    "webshop.detail.guestName": "Vendég",
    "kleo-cart-updated": "A kosár frissült.",
    "webshop.hero.imageAlt": "Kleoshop – bérletek, szépség- és ajándékutalványok",
    "webshop.hero.eyebrow": "KLEOPÁTRA SZÉPSÉGSZALONOK · ONLINE WEBSHOP",
    "webshop.hero.titleMain": "Bérletek, szépségutalványok,",
    "webshop.hero.titleHighlight": "ajándékutalványok",
    "webshop.hero.lead": "Kleopátra élményt adhatsz ajándékba vagy saját magadnak – online vásárlással, bankkártyás vagy utánvétes fizetéssel, kuponkedvezményekkel.",
    "webshop.hero.cta.products": "Termékek megtekintése",
    "webshop.hero.cta.profile": "Vendégprofil / regisztráció",
    "webshop.hero.invoiceAlt": "Vendégszámla minta",
    "webshop.hero.invoiceText": "Minden online vásárlás után azonnali visszaigazoló vendégszámlát küldünk e-mailben – így könnyen nyomon követheted a Kleopátra-élményeket.",
    "webshop.hero.badge.vouchers": "Ajándékutalványok",
    "webshop.hero.badge.packages": "Szépségcsomagok",
    "webshop.hero.badge.passes": "Bérletek",
    "webshop.list.eyebrow": "Online vásárlás",
    "webshop.list.title": "Válassz bérletet, szépség- vagy ajándékutalványt",
    "webshop.list.lead": "A lenti termékek közvetlenül a Kleopátra Szépségszalonokból a lehető leggyorsabban érkeznek. Csak azok látszanak, amik elérhetőek.",
    "webshop.list.loading": "Termékek betöltése…",
    "webshop.list.emptyFiltered": "Jelenleg nincs a szűrésnek megfelelő termék. Próbáld más kategóriával, vagy töröld a szűrést.",
    "webshop.list.resetFilters": "Összes termék",
    "webshop.list.addToCart": "Kosárba",
    "webshop.cart.title": "Kosár",
    "webshop.cart.empty": "A kosarad jelenleg üres. Válassz terméket a listából.",
    "webshop.cart.subtotal": "Részösszeg:",
    "webshop.cart.discount": "Kupon kedvezmény",
    "webshop.cart.total": "Fizetendő:",
    "webshop.cart.clear": "Kosár ürítése",
    "webshop.cart.gotoCheckout": "Tovább a fizetéshez",
    "webshop.registration.eyebrow": "Vendégprofil",
    "webshop.registration.title": "Regisztráció Kleopátra vendégként",
    "webshop.registration.lead": "Ha szeretnéd, hogy a Kleopátra rendszer vendégként ismerjen, hozz létre webshop fiókot. Az adataid a public.users táblába kerülnek.",
    "webshop.registration.fullNameLabel": "Teljes név*",
    "webshop.registration.emailLabel": "E-mail cím*",
    "webshop.registration.passwordLabel": "Jelszó*",
    "webshop.registration.submit": "Regisztráció",
    "webshop.registration.submitLoading": "Feldolgozás…",
    "webshop.checkout.eyebrow": "Fizetés és szállítás",
    "webshop.checkout.title": "Rendelés véglegesítése",
    "webshop.checkout.lead": "Add meg a számlázási és szállítási adatokat, válaszd ki a fizetési módot, majd – ha van – írd be a kuponkódot is a kedvezményhez.",
    "webshop.checkout.couponLabel": "Kuponkód",
    "webshop.checkout.couponPlaceholder": "Pl. KLEO10",
    "webshop.checkout.couponApply": "Kupon alkalmazása",
    "webshop.checkout.couponChecking": "Ellenőrzés…",
    "webshop.checkout.fullNameLabel": "Teljes név*",
    "webshop.checkout.emailLabel": "E-mail cím*",
    "webshop.checkout.phoneLabel": "Telefonszám",
    "webshop.checkout.paymentMethodLabel": "Fizetési mód",
    "webshop.checkout.payment.card": "Bankkártyás fizetés",
    "webshop.checkout.payment.cod": "Utánvét (fizetés a futárnál)",
    "webshop.checkout.addressLabel": "Számlázási / szállítási cím*",
    "webshop.checkout.noteLabel": "Megjegyzés a rendeléshez",
    "webshop.checkout.notePlaceholder": "Pl. kinek szól az ajándékutalvány, külön kérés, üzenet a számlára…",
    "webshop.checkout.subtotal": "Részösszeg:",
    "webshop.checkout.discount": "Kupon kedvezmény",
    "webshop.checkout.total": "Fizetendő:",
    "webshop.checkout.submit": "Rendelés elküldése",
    "webshop.checkout.submitLoading": "Rendelés küldése…",
    "webshop.checkout.emptyCartHint": "A rendelés leadásához először tegyél termékeket a kosárba.",
    "webshop.list.error": "Nem sikerült betölteni a webshop termékeket. Kérlek, próbáld meg később.",
    "webshop.coupon.error.empty": "Írj be egy kuponkódot.",
    "webshop.coupon.error.noCart": "Először tegyél termékeket a kosárba, utána használd a kupont.",
    "webshop.coupon.error.general": "Nem sikerült ellenőrizni a kuponkódot. Próbáld meg újra.",
    "webshop.coupon.error.invalid": "Érvénytelen kuponkód vagy nem alkalmazható erre a rendelésre.",
    "webshop.coupon.success": "A kupon sikeresen alkalmazva a rendelésedre.",
    "webshop.registration.error.missingFields": "Kérlek, tölts ki minden mezőt a regisztrációhoz.",
    "webshop.registration.error.general": "Nem sikerült a regisztráció. Kérlek, próbáld meg újra.",
    "webshop.registration.success": "Sikeres regisztráció! Mostantól Kleopátra vendégprofiloddal is vásárolhatsz.",
    "webshop.order.error.noCart": "A rendeléshez először tegyél termékeket a kosárba.",
    "webshop.order.error.missingFields": "Kérlek add meg a nevet, e-mail címet és a szállítási/számlázási címet.",
    "webshop.order.error.general": "Nem sikerült a rendelést leadni. Kérlek, próbáld meg újra.",
    "webshop.order.error.unknown": "Ismeretlen hiba történt a rendelésnél.",
    "webshop.order.success": "Köszönjük a rendelést! A visszaigazoló vendégszámlát e-mailben küldjük."
  },
  "en": {
    "lang.name": "English",
    "menu.salons": "Our salons",
    "menu.pricesServices": "Prices & Services",
    "menu.webshop": "Webshop",
    "menu.contact": "Contact",
    "menu.about": "About us",
    "menu.loyalty": "Loyalty program",
    "menu.franchise": "Franchise",
    "menu.career": "Career",
    "menu.education": "Education",
    "header.booking": "Book an appointment",
    "header.followUs": "Follow us",
    "header.language.label": "Language selector",
    "home.hero.kicker": "KLEOPATRA BEAUTY SALONS · OVER 30 YEARS",
    "home.hero.title.prefix": "Feel the ",
    "home.hero.title.highlight": "Cleopatra Experience",
    "home.hero.title.suffix": " – premium beauty services, even without appointment.",
    "home.hero.lead": "Hairdressing, beauty, manicure & pedicure, solarium and massage in one place. Our experienced professionals and high-quality products welcome you in all our salons.",
    "home.hero.pill.hair": "Hairdressing",
    "home.hero.pill.beauty": "Beauty",
    "home.hero.pill.handsFeet": "Hands & feet care",
    "home.hero.pill.solarium": "Solarium",
    "home.hero.pill.massage": "Massage",
    "home.hero.cta.book": "Book an appointment / salons",
    "home.hero.cta.services": "Our services",
    "home.hero.media.webshop": "Webshop",
    "home.hero.media.appChip": "Download our mobile app",
    "home.strips.franchise": "Franchise program",
    "home.strips.app": "Mobile app",
    "home.strips.newsletter": "Loyalty / newsletter",
    "home.strips.contact": "Contact",
    "home.franchise.kicker": "Franchise program",
    "home.franchise.title": "Build your own Kleopátra Beauty Salon!",
    "home.franchise.lead": "Join our nationwide network and benefit from more than 30 years of experience, a proven business model and strong marketing support.",
    "home.franchise.bullet1": "Well-known, established brand",
    "home.franchise.bullet2": "Central marketing and design support",
    "home.franchise.bullet3": "HR support, continuous trainings and education",
    "home.franchise.bullet4": "Discounted equipment and material procurement",
    "home.franchise.bullet5": "Central customer management and booking system",
    "home.franchise.cta": "More about the franchise program",
    "home.franchise.imageAlt": "Kleopátra franchise network",
    "home.app.kicker": "Mobile app",
    "home.app.title": "Kleopátra mobile app – book from anywhere",
    "home.app.lead": "Appointment booking, treatment history and personalized offers – all in a single app.",
    "home.app.bullet1": "Fast booking in just a few taps",
    "home.app.bullet2": "Treatment history and favourite services",
    "home.app.bullet3": "Push notifications about news and offers",
    "home.app.bullet4": "Digital loyalty card and discounts",
    "home.app.cta.primary": "Download – coming soon",
    "home.app.cta.secondary": "More information",
    "home.app.imageAlt": "Kleopátra mobile application",
    "home.vouchers.kicker": "Gift vouchers",
    "home.vouchers.title": "Give the Kleopátra experience as a gift",
    "home.vouchers.lead1": "With our gift vouchers you will surely make someone happy – the recipient can choose the service they like the most.",
    "home.vouchers.lead2": "Our vouchers are available in several values and can also be purchased online with instant e-mail delivery.",
    "home.vouchers.badge": "Perfect as a present – for birthdays, anniversaries and holidays",
    "home.vouchers.cta": "Gift vouchers in the webshop",
    "home.vouchers.imageAlt": "Gift vouchers – Kleopátra Beauty Salon",
    "home.newsletter.kicker": "Loyalty program & newsletter",
    "home.newsletter.titlePrefix": "Join our loyalty program and already on your first visit",
    "home.newsletter.titleSuffix": "you receive a discount from your treatments.",
    "home.newsletter.lead": "Be the first to hear about our news, special offers and events, and collect extra discounts.",
    "home.newsletter.cta": "Go to the loyalty program",
    "home.products.kicker": "Kleos products",
    "home.products.title": "100% Kleopátra style – wear the experience!",
    "home.products.lead1": "With our limited collection products you can take the Kleopátra experience with you into your everyday life.",
    "home.products.lead2": "Choose your favourites – stylish, high-quality accessories and gifts are waiting in our webshop.",
    "home.products.cta": "Go to the webshop",
    "home.products.imageAlt": "Kleos products – gifts and accessories",
    "home.services.kicker": "Services",
    "home.services.title": "Everything your beauty may need",
    "home.services.lead": "With us you can reach the full beauty service palette in one place – from your hairstyle and skincare to complete renewal.",
    "services.cards.hair.title": "Hairdressing",
    "services.cards.hair.text": "Women’s, men’s and children’s cuts, colouring, highlights, balayage, treatments and special occasion hairstyles with premium products.",
    "services.cards.hair.cta": "Hairdressing prices & services",
    "services.cards.beauty.title": "Beauty",
    "services.cards.beauty.text": "Facial treatments, machine treatments, make-up and brow styling – where classic and modern beauty meet.",
    "services.cards.beauty.cta": "Beauty prices & services",
    "services.cards.handsFeet.title": "Hands & feet care",
    "services.cards.handsFeet.text": "Manicure, gel polish, artificial nails, pedicure – well-groomed hands and feet for everyday life and special occasions.",
    "services.cards.handsFeet.cta": "Hands & feet price list",
    "services.cards.solarium.title": "Solarium",
    "services.cards.solarium.text": "Modern solarium machines with thoughtful pass systems – tan safely with expert guidance.",
    "services.cards.solarium.cta": "Solarium prices & passes",
    "services.cards.massage.title": "Massage",
    "services.cards.massage.text": "Refreshing, relaxing and targeted massages to help you release everyday tension.",
    "services.cards.massage.cta": "Massage services",
    "services.cards.fitness.title": "Fitness / Wellness",
    "services.cards.fitness.text": "With our fitness and wellness services in Gyöngyös we aim for complete physical and mental renewal.",
    "services.cards.fitness.cta": "Fitness & wellness details",
    "services.page.viewPriceList": "View full price list",
    "services.highlight.sectionTitle": "Signature services",
    "services.highlight.sectionLead": "A selection of iconic Kleopatra Salon treatments – click to see the details for each service.",
    "services.highlight.lash.title": "Eyelash extensions",
    "services.highlight.hairwash.title": "Cold water after hair wash",
    "services.highlight.facemassage.title": "Facial massage",
    "services.highlight.actisztitas.title": "Deep cleansing facial",
    "services.highlight.joico.title": "Joico hair treatment",
    "services.highlight.hotcut.title": "Hot scissors haircut",
    "services.highlight.ipl.title": "IPL permanent hair removal",
    "services.highlight.more": "Read more",
    "services.page.heroAlt": "Kleopatra Beauty Salons – hair, beauty and wellness in one place",
    "services.page.eyebrow": "Services",
    "services.page.titlePrefix": "Our services",
    "services.page.titleSuffix": "– everything in one place",
    "services.page.lead": "Premium hairdressing, beauty, hands & feet care, solarium and massage services – in unified Kleopátra quality across all our salons.",
    "services.detail.hair.eyebrow": "Hairdressing",
    "services.detail.hair.title": "Salon hairdressing that brings out the best in your hair",
    "services.detail.hair.lead": "Our stylists combine classic techniques with the latest trends. During the consultation we look at your face shape, hair type and lifestyle to create a look that stays wearable day after day.",
    "services.detail.hair.bullet1": "Women’s, men’s and children’s cuts, restyling and complete makeovers.",
    "services.detail.hair.bullet2": "Colouring, highlights, balayage and colour corrections with professional products.",
    "services.detail.hair.bullet3": "Deep conditioning rituals, repairing treatments and tailored home-care recommendations.",
    "services.detail.hair.cta": "Open hairdressing price list",
    "services.detail.beauty.eyebrow": "Beauty",
    "services.detail.beauty.title": "Professional facials for healthy, glowing skin",
    "services.detail.beauty.lead": "Every treatment starts with a skin analysis, so we can build a protocol that matches your skin type and goals – from hydration and anti-ageing to deep cleansing.",
    "services.detail.beauty.bullet1": "Classic and device-based facials, anti-ageing and problem-solving treatments.",
    "services.detail.beauty.bullet2": "Brow and lash styling, tinting and modern lifting techniques.",
    "services.detail.beauty.bullet3": "Day, evening and bridal make-up with professional products.",
    "services.detail.beauty.cta": "Open beauty price list",
    "services.detail.handsfeet.eyebrow": "Hands & feet care",
    "services.detail.handsfeet.title": "Perfectly groomed hands and feet – without compromise",
    "services.detail.handsfeet.lead": "Our nail technicians and pedicurists work to high hygiene standards to deliver both aesthetics and comfort – from quick tidy-ups to complete foot care.",
    "services.detail.handsfeet.bullet1": "Manicure, gel polish, nail extensions and strengthening treatments.",
    "services.detail.handsfeet.bullet2": "Aesthetic and wellness pedicure, callus and heel care.",
    "services.detail.handsfeet.bullet3": "Strict hygiene protocols, disinfection and carefully selected care products.",
    "services.detail.handsfeet.cta": "Open hands & feet price list",
    "services.detail.solarium.eyebrow": "Solarium",
    "services.detail.solarium.title": "Even, sun-kissed skin with modern solarium machines",
    "services.detail.solarium.lead": "We tailor session length to your skin type and provide expert guidance so you can enjoy a healthy-looking, even tan.",
    "services.detail.solarium.bullet1": "Regularly maintained, modern lay-down and stand-up units.",
    "services.detail.solarium.bullet2": "Personalised tanning plans and advice on skin protection.",
    "services.detail.solarium.bullet3": "Quality solarium cosmetics for longer-lasting, more beautiful colour.",
    "services.detail.solarium.cta": "Open solarium price list",
    "services.detail.massage.eyebrow": "Massage",
    "services.detail.massage.title": "Massage treatments for deep physical and mental relaxation",
    "services.detail.massage.lead": "Our therapists combine different techniques based on muscle tension, workload and stress level to provide real regeneration.",
    "services.detail.massage.bullet1": "Relaxing, refreshing and sports massages to release tight, overworked muscles.",
    "services.detail.massage.bullet2": "Targeted back, neck and shoulder treatments to balance out desk work.",
    "services.detail.massage.bullet3": "Aromatherapy and wellness massages for complete switch-off moments.",
    "services.detail.massage.cta": "Open massage price list",
    "services.detail.fitness.eyebrow": "Fitness & wellness",
    "services.detail.fitness.title": "Complementary wellness and body treatments for long-term results",
    "services.detail.fitness.lead": "Beauty and wellbeing belong together: our body and wellness programs support shaping, regeneration and energy levels.",
    "services.detail.fitness.bullet1": "Body-shaping and firming treatments that complement lifestyle changes.",
    "services.detail.fitness.bullet2": "Wellness-style sessions to support recovery and stress relief.",
    "services.detail.fitness.bullet3": "Tailored suggestions for post-treatment home care and daily habits.",
    "services.detail.fitness.cta": "More information and prices",
    "salons.list.eyebrow": "Our salons",
    "salons.list.titlePrefix": "We welcome you in",
    "salons.list.titleSuffix": "locations, even without appointment.",
    "salons.list.lead": "Choose the Kleopátra Beauty Salon closest to you and step into a world of more than 30 years of expertise.",
    "salons.list.heroAlt": "Kleopatra salons",
    "salons.list.mapTitle": "Our salons on the map",
    "salons.list.mapText": "See at a glance where our Kleopátra Beauty Salons are located across the country.",
    "salons.list.facebookTitle": "Follow us on Facebook",
    "salons.list.facebookText": "Promotions, news and behind-the-scenes moments – join our community on social media.",
    "salons.list.bookingTitle": "Online booking",
    "salons.list.bookingText": "Use our central booking system to choose your salon, service and time in just a few clicks.",
    "salon.detail.eyebrow": "Our salons",
    "salon.detail.lead": "In this Kleopátra Beauty Salon you will also find a full range of beauty services – hairdressing, beauty, hands & feet care, massage and further treatments in a modern, unified environment.",
    "salon.detail.basicTitle": "Basic information",
    "salon.detail.basicLabel.name": "Salon name:",
    "salon.detail.basicLabel.address": "Address:",
    "salon.detail.basicLabel.services": "Services:",
    "salon.detail.basicLabel.payments": "Payment options:",
    "salon.detail.basicServices": "hairdressing, beauty, hands & feet care, massage, solarium (services may differ by location).",
    "salon.detail.basicPayments": "cash, bank card, SZÉP card (Hungarian leisure card).",
    "salon.detail.bookingTitle": "Booking",
    "salon.detail.bookingText": "You can book an appointment online via the booking widget, through our mobile app or by phone. You are also welcome to walk in without appointment – our colleagues will serve you as soon as possible.",
    "salon.detail.bookingBack": "Back to salon list",
    "salon.detail.mapTitle": "Map and access",
    "salon.detail.mapOpen": "Open in Maps",
    "salon.detail.infoTitle": "Good to know",
    "salon.detail.infoText1": "Our salons are easy to reach both by public transport and by car. You can find exact parking options and current opening hours in the booking widget and in the confirmation e-mail.",
    "salon.detail.infoText2": "If you have any special requests (for example preferred stylist or therapist, or timing questions), please let us know in the comment field or by phone.",
    "salon.detail.loading": "Loading salon data...",
    "salon.detail.error": "We could not load the salon data. Please try again later.",
    "header.alt.logo": "Kleopatra Beauty Salons logo",
    "header.aria.homeLink": "Home",
    "header.aria.mainNav": "Main navigation",
    "footer.aria.legalNav": "Legal and information pages",
    "footer.links.privacy": "Privacy policy",
    "footer.links.cookies": "Cookie notice",
    "footer.links.complaints": "Complaint policy",
    "footer.links.newsletter": "Newsletter",
    "footer.links.payments": "Payment options",
    "footer.links.imprint": "Imprint",
    "footer.follow.label": "Follow us!",
    "footer.cookie.text": "This website uses cookies to ensure full functionality.",
    "footer.cookie.details": "Details",
    "footer.cookie.accept": "Got it!",
    "cart.fab.label": "Cart",
    "about.hero.imageAlt": "Kleopatra Beauty Salons – about us",
    "about.hero.eyebrow": "About us",
    "about.hero.title": "Why choose Kleopatra Beauty Salons?",
    "about.hero.lead": "Our goal is to provide you with the widest range of beauty services in the shortest possible time, in one place, with a consistent brand image and high professional standards.",
    "about.card1.title": "Everything in one place",
    "about.card1.text": "Hairdressing, cosmetics, hand and foot care, massage and solarium – so that all the services you need for a confident appearance are provided by one team.",
    "about.card2.title": "Guest-centred mindset",
    "about.card2.text": "Your time and your experience with us matter. We welcome you with long opening hours, flexible booking and kind, well-prepared professionals.",
    "pricelist.hero.eyebrow": "Our services",
    "pricelist.hero.title": "Price list and services",
    "pricelist.hero.lead": "Choose the Kleopatra Beauty Salon closest to you and see the services available there.",
    "pricelist.location.label": "Select location:",
    "pricelist.location.all": "All salons",
    "pricelist.duration.unitMinutes": "min",
    "pricelist.price.custom": "custom price",
    "pricelist.category.1": "Hairdressing",
    "pricelist.category.2": "Cosmetics",
    "pricelist.category.3": "Manicure / nail extensions",
    "pricelist.category.4": "Pedicure",
    "pricelist.category.5": "Solarium",
    "pricelist.category.6": "Massage",
    "pricelist.category.7": "Other / accessories",
    "pricelist.category.other": "Other services",
    "contact.hero.eyebrow": "Contact",
    "contact.hero.title": "Get in touch with us",
    "contact.hero.lead": "For appointments, services or partnership enquiries, send us a message and our team will reply shortly.",
    "contact.info.title": "Our contact details",
    "contact.info.phone": "Phone",
    "contact.info.email": "E-mail",
    "contact.info.hours": "Opening hours",
    "contact.info.social": "Follow us online!",
    "contact.form.title": "Send us a message",
    "contact.form.name": "Name",
    "contact.form.email": "E-mail address",
    "contact.form.phone": "Phone number",
    "contact.form.message": "Message",
    "contact.form.submit": "Send message",
    "contact.form.success": "Thank you for your message. We will contact you soon.",
    "contact.form.error": "An error occurred while sending your message. Please try again later.",
    "loyalty.hero.eyebrow": "Loyalty",
    "loyalty.hero.title": "Kleo Card – your Kleopatra loyalty card",
    "loyalty.hero.lead": "Collect points with every visit and purchase, and redeem them for discounts, gifts and passes.",
    "loyalty.block1.title": "Easy point collection",
    "loyalty.block1.text": "For every service and purchase we credit points to your Kleo Card, which you can later redeem.",
    "loyalty.block2.title": "Exclusive benefits",
    "loyalty.block2.text": "Special offers, birthday surprises, extra discounts – Kleo Card members are always the first to know.",
    "loyalty.block3.title": "Online and in-salon",
    "loyalty.block3.text": "You can use your loyalty points both in our salons and in the online webshop with a single account.",
    "franchise.hero.eyebrow": "Franchise",
    "franchise.hero.title": "Open your own Kleopatra Beauty Salon",
    "franchise.hero.lead": "Join one of Hungary’s best-known beauty salon networks and build your own business with a proven system.",
    "franchise.block1.title": "Established brand",
    "franchise.block1.text": "Unified visual identity, a well-known name and nationwide marketing – the Kleopatra brand is backed by over 30 years of experience.",
    "franchise.block2.title": "Full professional support",
    "franchise.block2.text": "You receive the know-how from salon opening to daily operation, including training, process descriptions and professional materials.",
    "franchise.block3.title": "Flexible models",
    "franchise.block3.text": "We help you find the business model that fits you best – from opening a new salon to transforming an existing one.",
    "career.hero.eyebrow": "Career",
    "career.hero.title": "Join the Kleopatra team",
    "career.hero.lead": "Would you like to work in a stable, well‑organized, guest‑centric environment where beauty care is a real experience?",
    "career.hero.imageAlt": "Kleopatra Beauty Salon – career opportunities",
    "career.card1.title": "Open positions",
    "career.card1.text": "We welcome your application for salon manager, hairstylist, beautician, hand and foot care specialist, masseur and receptionist positions – both for experienced professionals and for career starters.",
    "career.card2.title": "Why it is great to work with us",
    "career.card2.text": "A stable background, unified brand identity, continuous professional development opportunities and a supportive team await you in the Kleopatra Beauty Salon network.",
    "training.hero.eyebrow": "Training",
    "training.hero.title": "Kleopatra Academy",
    "training.hero.lead": "Our in‑house training system supports professional development, a unified guest experience and the long‑term building of our brand value.",
    "training.card1.title": "Internal trainings",
    "training.card1.text": "Ongoing trainings for our hair, beauty and nail technicians so they can always work with up‑to‑date techniques.",
    "training.card2.title": "Mini test – basic cosmetic knowledge",
    "training.quiz.q1.question": "Which skin type is characterised by an oily T‑zone with drier cheeks?",
    "training.quiz.q1.optionA": "Dry skin",
    "training.quiz.q1.optionB": "Normal skin",
    "training.quiz.q1.optionC": "Combination skin",
    "training.quiz.q1.optionD": "Sensitive skin",
    "training.quiz.q2.question": "How often is gentle facial exfoliation recommended for normal skin type?",
    "training.quiz.q2.optionA": "Daily",
    "training.quiz.q2.optionB": "2–3 times per week",
    "training.quiz.q2.optionC": "Once a week",
    "training.quiz.q2.optionD": "Never",
    "training.quiz.submit": "Evaluate test",
    "training.quiz.resultPrefix": "Result:",
    "training.quiz.resultSuffix": "correct answers.",
    "webshop.detail.breadcrumb": "Webshop product",
    "webshop.detail.loadingProduct": "Loading product…",
    "webshop.detail.notFound": "This product could not be found.",
    "webshop.detail.productError": "Failed to load product data.",
    "webshop.detail.noImage": "No image available for this product.",
    "webshop.detail.reviewsCountLabel": "reviews",
    "webshop.detail.reviewsError": "Failed to load reviews.",
    "webshop.detail.reviewsTitle": "Reviews",
    "webshop.detail.reviewsLoading": "Loading reviews…",
    "webshop.detail.reviewsEmpty": "There are no reviews for this product yet. Be the first to write one!",
    "webshop.detail.reviewFormTitle": "Write a review about this product",
    "webshop.detail.nameLabel": "Name (optional)",
    "webshop.detail.namePlaceholder": "Enter your name (optional)",
    "webshop.detail.ratingLabel": "Rating",
    "webshop.detail.textLabel": "Review",
    "webshop.detail.textPlaceholder": "Describe your experience with this product…",
    "webshop.detail.submitLoading": "Sending…",
    "webshop.detail.submitLabel": "Submit review",
    "webshop.detail.submitError": "Failed to save the review.",
    "webshop.detail.guestName": "Guest",
    "kleo-cart-updated": "Cart updated.",
    "webshop.hero.imageAlt": "Kleoshop – passes, beauty and gift vouchers",
    "webshop.hero.eyebrow": "KLEOPATRA BEAUTY SALONS · ONLINE WEBSHOP",
    "webshop.hero.titleMain": "Passes, beauty vouchers,",
    "webshop.hero.titleHighlight": "gift vouchers",
    "webshop.hero.lead": "Give the Cleopatra experience as a gift – or treat yourself – with online purchases, card or cash-on-delivery payment and coupon discounts.",
    "webshop.hero.cta.products": "Browse products",
    "webshop.hero.cta.profile": "Guest profile / registration",
    "webshop.hero.invoiceAlt": "Sample guest invoice",
    "webshop.hero.invoiceText": "After every online purchase we send an instant guest invoice by e-mail – so you can easily keep track of all Cleopatra experiences.",
    "webshop.hero.badge.vouchers": "Gift vouchers",
    "webshop.hero.badge.packages": "Beauty packages",
    "webshop.hero.badge.passes": "Passes",
    "webshop.list.eyebrow": "Online shopping",
    "webshop.list.title": "Choose a pass, beauty or gift voucher",
    "webshop.list.lead": "The products below come directly from Cleopatra Beauty Salons and are delivered as fast as possible. Only items that are actually available are shown.",
    "webshop.list.loading": "Loading products…",
    "webshop.list.emptyFiltered": "There are currently no products matching this filter. Try another category or clear the filter.",
    "webshop.list.resetFilters": "All products",
    "webshop.list.addToCart": "Add to cart",
    "webshop.cart.title": "Cart",
    "webshop.cart.empty": "Your cart is currently empty. Please select a product from the list.",
    "webshop.cart.subtotal": "Subtotal:",
    "webshop.cart.discount": "Coupon discount",
    "webshop.cart.total": "Total:",
    "webshop.cart.clear": "Clear cart",
    "webshop.cart.gotoCheckout": "Proceed to checkout",
    "webshop.registration.eyebrow": "Guest profile",
    "webshop.registration.title": "Register as a Cleopatra guest",
    "webshop.registration.lead": "If you would like the Cleopatra system to recognise you as a guest, create a webshop account. Your data will be stored in the public.users table.",
    "webshop.registration.fullNameLabel": "Full name*",
    "webshop.registration.emailLabel": "E-mail address*",
    "webshop.registration.passwordLabel": "Password*",
    "webshop.registration.submit": "Register",
    "webshop.registration.submitLoading": "Processing…",
    "webshop.checkout.eyebrow": "Payment and delivery",
    "webshop.checkout.title": "Finalize your order",
    "webshop.checkout.lead": "Enter your billing and delivery details, choose your payment method and, if you have one, add your coupon code for a discount.",
    "webshop.checkout.couponLabel": "Coupon code",
    "webshop.checkout.couponPlaceholder": "E.g. KLEO10",
    "webshop.checkout.couponApply": "Apply coupon",
    "webshop.checkout.couponChecking": "Checking…",
    "webshop.checkout.fullNameLabel": "Full name*",
    "webshop.checkout.emailLabel": "E-mail address*",
    "webshop.checkout.phoneLabel": "Phone number",
    "webshop.checkout.paymentMethodLabel": "Payment method",
    "webshop.checkout.payment.card": "Card payment",
    "webshop.checkout.payment.cod": "Cash on delivery (pay to the courier)",
    "webshop.checkout.addressLabel": "Billing / delivery address*",
    "webshop.checkout.noteLabel": "Order note",
    "webshop.checkout.notePlaceholder": "E.g. who the gift voucher is for, special requests, message on the invoice…",
    "webshop.checkout.subtotal": "Subtotal:",
    "webshop.checkout.discount": "Coupon discount",
    "webshop.checkout.total": "Total:",
    "webshop.checkout.submit": "Place order",
    "webshop.checkout.submitLoading": "Sending order…",
    "webshop.checkout.emptyCartHint": "Add products to your cart before placing the order.",
    "webshop.list.error": "We could not load the webshop products. Please try again later.",
    "webshop.coupon.error.empty": "Please enter a coupon code.",
    "webshop.coupon.error.noCart": "Add items to your cart before applying a coupon.",
    "webshop.coupon.error.general": "We could not verify your coupon code. Please try again.",
    "webshop.coupon.error.invalid": "Invalid coupon code or it cannot be applied to this order.",
    "webshop.coupon.success": "Coupon successfully applied to your order.",
    "webshop.registration.error.missingFields": "Please fill in all fields to register.",
    "webshop.registration.error.general": "Registration failed. Please try again.",
    "webshop.registration.success": "Registration successful! You can now shop with your Kleopatra guest profile.",
    "webshop.order.error.noCart": "Add items to your cart before placing an order.",
    "webshop.order.error.missingFields": "Please enter your name, e-mail address and billing/shipping address.",
    "webshop.order.error.general": "We could not place your order. Please try again.",
    "webshop.order.error.unknown": "An unknown error occurred while placing your order.",
    "webshop.order.success": "Thank you for your order! We will send the confirmation invoice by e-mail."
  },
  "ru": {
    "lang.name": "Русский",
    "menu.salons": "Наши салоны",
    "menu.pricesServices": "Цены и услуги",
    "menu.webshop": "Интернет-магазин",
    "menu.contact": "Контакты",
    "menu.about": "О нас",
    "menu.loyalty": "Программа лояльности",
    "menu.franchise": "Франшиза",
    "menu.career": "Карьера",
    "menu.education": "Обучение",
    "header.booking": "Записаться",
    "header.followUs": "Подписывайтесь на нас",
    "header.language.label": "Выбор языка",
    "home.hero.kicker": "САЛОНЫ КЛЕОПАТРА · БОЛЕЕ 30 ЛЕТ ОПЫТА",
    "home.hero.title.prefix": "Испытай ",
    "home.hero.title.highlight": "эффект Клеопатры",
    "home.hero.title.suffix": " – премиальные бьюти-услуги, даже без предварительной записи.",
    "home.hero.lead": "Парикмахерские услуги, косметология, маникюр и педикюр, солярий и массаж в одном месте. Опытные специалисты и качественная косметика ждут тебя во всех наших салонах.",
    "home.hero.pill.hair": "Парикмахерская",
    "home.hero.pill.beauty": "Косметология",
    "home.hero.pill.handsFeet": "Уход за руками и ногами",
    "home.hero.pill.solarium": "Солярий",
    "home.hero.pill.massage": "Массаж",
    "home.hero.cta.book": "Записаться / салоны",
    "home.hero.cta.services": "Наши услуги",
    "home.hero.media.webshop": "Интернет-магазин",
    "home.hero.media.appChip": "Скачай наше мобильное приложение",
    "home.strips.franchise": "Франшиза",
    "home.strips.app": "Мобильное приложение",
    "home.strips.newsletter": "Лояльность / рассылка",
    "home.strips.contact": "Контакты",
    "home.franchise.kicker": "Франшиза",
    "home.franchise.title": "Открой свой салон Kleopátra!",
    "home.franchise.lead": "Присоединяйся к нашей сети и используй более чем 30-летний опыт, отработанную бизнес-модель и маркетинговую поддержку.",
    "home.franchise.bullet1": "Известный и сильный бренд",
    "home.franchise.bullet2": "Централизованная маркетинговая и дизайнерская поддержка",
    "home.franchise.bullet3": "HR-поддержка, постоянные тренинги и обучение",
    "home.franchise.bullet4": "Выгодные закупки оборудования и материалов",
    "home.franchise.bullet5": "Централизованная CRM и система записи",
    "home.franchise.cta": "Подробнее о франшизе",
    "home.franchise.imageAlt": "Франчайзинговая сеть Kleopátra",
    "home.app.kicker": "Мобильное приложение",
    "home.app.title": "Мобильное приложение Kleopátra – запись из любой точки",
    "home.app.lead": "Онлайн-запись, история процедур и персональные предложения – всё в одном приложении.",
    "home.app.bullet1": "Быстрая запись в несколько кликов",
    "home.app.bullet2": "История процедур и избранные услуги",
    "home.app.bullet3": "Push-уведомления об акциях и новостях",
    "home.app.bullet4": "Цифровая карта лояльности и скидки",
    "home.app.cta.primary": "Скачать – скоро",
    "home.app.cta.secondary": "Подробнее",
    "home.app.imageAlt": "Мобильное приложение Kleopátra",
    "home.vouchers.kicker": "Подарочные сертификаты",
    "home.vouchers.title": "Подари опыт Kleopátra",
    "home.vouchers.lead1": "С нашими подарочными сертификатами ты точно порадуешь близких – получатель сам выбирает нужную услугу.",
    "home.vouchers.lead2": "Сертификаты доступны в нескольких номиналах и их можно приобрести онлайн с мгновенной e-mail доставкой.",
    "home.vouchers.badge": "Идеальный подарок – на день рождения, юбилей или праздники",
    "home.vouchers.cta": "Подарочные сертификаты в интернет-магазине",
    "home.vouchers.imageAlt": "Подарочные сертификаты салонов Kleopátra",
    "home.newsletter.kicker": "Программа лояльности и рассылка",
    "home.newsletter.titlePrefix": "Присоединись к нашей программе лояльности и уже при первом визите",
    "home.newsletter.titleSuffix": "получи скидку на процедуры.",
    "home.newsletter.lead": "Узнавай первым о новостях, акциях и мероприятиях и получай дополнительные скидки.",
    "home.newsletter.cta": "Перейти к программе лояльности",
    "home.products.kicker": "Продукция Kleos",
    "home.products.title": "Стиль Kleopátra на 100% – носи это ощущение каждый день!",
    "home.products.lead1": "С нашей лимитированной коллекцией ты можешь взять опыт Kleopátra с собой в повседневную жизнь.",
    "home.products.lead2": "Выбери любимые предметы – стильные аксессуары и подарки ждут тебя в интернет-магазине.",
    "home.products.cta": "Перейти в интернет-магазин",
    "home.products.imageAlt": "Продукты Kleos – аксессуары и подарки",
    "home.services.kicker": "Услуги",
    "home.services.title": "Всё, что нужно твоей красоте",
    "home.services.lead": "У нас ты найдешь полный спектр услуг красоты в одном месте – от причёски и ухода за кожей до полного обновления.",
    "services.cards.hair.title": "Парикмахерские услуги",
    "services.cards.hair.text": "Женские, мужские и детские стрижки, окрашивание, мелирование, балаяж, уходы и праздничные прически с премиальной косметикой.",
    "services.cards.hair.cta": "Цены и парикмахерские услуги",
    "services.cards.beauty.title": "Косметология",
    "services.cards.beauty.text": "Уходы за лицом, аппаратные процедуры, макияж и оформление бровей – сочетание классики и современных решений.",
    "services.cards.beauty.cta": "Цены и косметологические услуги",
    "services.cards.handsFeet.title": "Уход за руками и ногами",
    "services.cards.handsFeet.text": "Маникюр, гель-лак, наращивание ногтей, педикюр – ухоженные руки и ноги на каждый день и для особых случаев.",
    "services.cards.handsFeet.cta": "Прайс на уход за руками и ногами",
    "services.cards.solarium.title": "Солярий",
    "services.cards.solarium.text": "Современные солярии с продуманной системой абонементов – безопасный загар под контролем специалистов.",
    "services.cards.solarium.cta": "Цены и абонементы солярия",
    "services.cards.massage.title": "Массаж",
    "services.cards.massage.text": "Освежающие, расслабляющие и целевые массажи, которые помогают снять напряжение повседневной жизни.",
    "services.cards.massage.cta": "Массажные услуги",
    "services.cards.fitness.title": "Фитнес / Wellness",
    "services.cards.fitness.text": "В нашем фитнес- и велнес-центре в Дьендьёше мы стремимся к полной физической и ментальной перезагрузке.",
    "services.cards.fitness.cta": "Подробнее о фитнесе и wellness",
    "services.page.viewPriceList": "Посмотреть прайс-лист",
    "services.highlight.sectionTitle": "Наши ключевые услуги",
    "services.highlight.sectionLead": "Некоторые из самых популярных процедур Kleopatra Cалон – нажмите, чтобы узнать подробности.",
    "services.highlight.lash.title": "Наращивание ресниц",
    "services.highlight.hairwash.title": "Холодная вода после мытья волос",
    "services.highlight.facemassage.title": "Массаж лица",
    "services.highlight.actisztitas.title": "Очищающая процедура для лица",
    "services.highlight.joico.title": "Уход для волос Joico",
    "services.highlight.hotcut.title": "Стрижка горячими ножницами",
    "services.highlight.ipl.title": "IPL постоянная эпиляция",
    "services.highlight.more": "Подробнее",
    "services.page.heroAlt": "Салоны Kleopátra – парикмахерские, косметология и wellness в одном месте",
    "services.page.eyebrow": "Услуги",
    "services.page.titlePrefix": "Наши услуги",
    "services.page.titleSuffix": "– всё в одном салоне",
    "services.page.lead": "Парикмахерские, косметологические услуги, уход за руками и ногами, солярий и массаж – во всех наших салонах в едином качестве Kleopátra.",
    "services.detail.hair.eyebrow": "Парикмахерские услуги",
    "services.detail.hair.title": "Салонный уход за волосами, который раскрывает их потенциал",
    "services.detail.hair.lead": "Наши мастера совмещают классические техники с актуальными трендами. На консультации мы учитываем форму лица, тип и состояние волос, а также образ жизни, чтобы стрижка была удобной каждый день.",
    "services.detail.hair.bullet1": "Женские, мужские и детские стрижки, укладки и полное обновление образа.",
    "services.detail.hair.bullet2": "Окрашивание, мелирование, балаяж и коррекция цвета с профессиональными средствами.",
    "services.detail.hair.bullet3": "Восстанавливающие и ухаживающие процедуры, рекомендации по домашнему уходу.",
    "services.detail.hair.cta": "Открыть прайс-лист на парикмахерские услуги",
    "services.detail.beauty.eyebrow": "Косметология",
    "services.detail.beauty.title": "Косметологические процедуры для здоровой и сияющей кожи",
    "services.detail.beauty.lead": "Каждая процедура начинается с диагностики кожи, чтобы подобрать протокол под ваш тип и задачи: увлажнение, омоложение или глубокое очищение.",
    "services.detail.beauty.bullet1": "Классические и аппаратные уходы, anti-age программы и курсы лечения проблемной кожи.",
    "services.detail.beauty.bullet2": "Оформление и окрашивание бровей и ресниц, современные техники лифтинга.",
    "services.detail.beauty.bullet3": "Дневной, вечерний и свадебный макияж с профессиональной косметикой.",
    "services.detail.beauty.cta": "Открыть прайс-лист на косметологию",
    "services.detail.handsfeet.eyebrow": "Уход за руками и ногами",
    "services.detail.handsfeet.title": "Идеально ухоженные руки и ноги – без компромиссов",
    "services.detail.handsfeet.lead": "Наши мастера маникюра и педикюра работают по строгим гигиеническим стандартам, обеспечивая и эстетику, и комфорт – от экспресс-ухода до полного педикюра.",
    "services.detail.handsfeet.bullet1": "Маникюр, гель-лак, наращивание и укрепление ногтей.",
    "services.detail.handsfeet.bullet2": "Эстетический и wellness-педикюр, уход за мозолями и пятками.",
    "services.detail.handsfeet.bullet3": "Строгие протоколы дезинфекции и тщательно подобранные уходовые средства.",
    "services.detail.handsfeet.cta": "Открыть прайс-лист на маникюр и педикюр",
    "services.detail.solarium.eyebrow": "Солярий",
    "services.detail.solarium.title": "Ровный загар с современными соляриями",
    "services.detail.solarium.lead": "Мы подбираем длительность сеанса под тип вашей кожи и даём рекомендации по безопасному загару, чтобы вы получили красивый, ровный цвет.",
    "services.detail.solarium.bullet1": "Современные горизонтальные и вертикальные аппараты, регулярно обслуживаемые.",
    "services.detail.solarium.bullet2": "Индивидуальные программы загара и советы по защите кожи.",
    "services.detail.solarium.bullet3": "Косметика для солярия для более стойкого и красивого оттенка.",
    "services.detail.solarium.cta": "Открыть прайс-лист на солярий",
    "services.detail.massage.eyebrow": "Массаж",
    "services.detail.massage.title": "Массаж для полноценного восстановления тела и души",
    "services.detail.massage.lead": "Наши массажисты подбирают техники в зависимости от мышечного напряжения, нагрузки и уровня стресса, чтобы обеспечить глубокое расслабление и восстановление.",
    "services.detail.massage.bullet1": "Расслабляющий, освежающий и спортивный массаж для снятия мышечных зажимов.",
    "services.detail.massage.bullet2": "Целевые программы для спины, шеи и плечевого пояса при сидячей работе.",
    "services.detail.massage.bullet3": "Ароматерапевтические и wellness-массажи для полного отключения от повседневных забот.",
    "services.detail.massage.cta": "Открыть прайс-лист на массаж",
    "services.detail.fitness.eyebrow": "Fitness & wellness",
    "services.detail.fitness.title": "Дополнительные wellness- и body-процедуры для устойчивого результата",
    "services.detail.fitness.lead": "Красота и самочувствие неразделимы: наши программы для тела и wellness-услуги поддерживают коррекцию фигуры, восстановление и уровень энергии.",
    "services.detail.fitness.bullet1": "Корректирующие и подтягивающие процедуры, дополняющие изменения образа жизни.",
    "services.detail.fitness.bullet2": "Wellness-программы для релаксации и снятия стресса.",
    "services.detail.fitness.bullet3": "Индивидуальные рекомендации по домашнему уходу и ежедневным привычкам после процедур.",
    "services.detail.fitness.cta": "Подробнее об услугах и ценах",
    "salons.list.eyebrow": "Наши салоны",
    "salons.list.titlePrefix": "Мы ждём тебя уже в",
    "salons.list.titleSuffix": "локациях – даже без предварительной записи.",
    "salons.list.lead": "Выбери салон Kleopátra рядом с тобой и окунись в атмосферу более чем 30-летнего опыта и профессионализма.",
    "salons.list.heroAlt": "Салоны Kleopátra",
    "salons.list.mapTitle": "Наши салоны на карте",
    "salons.list.mapText": "Одним взглядом увидь, где находятся салоны Kleopátra по всей стране.",
    "salons.list.facebookTitle": "Подписывайся на нас в Facebook",
    "salons.list.facebookText": "Акции, новости и закулисные моменты – присоединяйся к нашему сообществу в соцсетях.",
    "salons.list.bookingTitle": "Онлайн-запись",
    "salons.list.bookingText": "Используй нашу центральную систему онлайн-записи – выбери салон, услугу и время в несколько кликов.",
    "salon.detail.eyebrow": "Наши салоны",
    "salon.detail.lead": "В этом салоне Kleopátra тебя также ждёт полный спектр бьюти-услуг – парикмахерские услуги, косметология, уход за руками и ногами, массаж и другие процедуры в современном, стильном окружении.",
    "salon.detail.basicTitle": "Основная информация",
    "salon.detail.basicLabel.name": "Название салона:",
    "salon.detail.basicLabel.address": "Адрес:",
    "salon.detail.basicLabel.services": "Услуги:",
    "salon.detail.basicLabel.payments": "Способы оплаты:",
    "salon.detail.basicServices": "парикмахерские услуги, косметология, уход за руками и ногами, массаж, солярий (набор услуг зависит от конкретного салона).",
    "salon.detail.basicPayments": "наличные, банковская карта, карта SZÉP.",
    "salon.detail.bookingTitle": "Запись на приём",
    "salon.detail.bookingText": "Записаться можно онлайн через виджет записи, из мобильного приложения или по телефону. Можно прийти и без предварительной записи – мы постараемся принять тебя как можно скорее.",
    "salon.detail.bookingBack": "Назад к списку салонов",
    "salon.detail.mapTitle": "Карта и как добраться",
    "salon.detail.mapOpen": "Открыть на карте",
    "salon.detail.infoTitle": "Полезная информация",
    "salon.detail.infoText1": "До наших салонов удобно добираться как на общественном транспорте, так и на автомобиле. Точную информацию о парковке и актуальном графике работы можно найти в виджете записи и в письме-подтверждении.",
    "salon.detail.infoText2": "Если у тебя есть особые пожелания (например любимый мастер или вопросы по времени визита), пожалуйста, напиши об этом в комментарии или сообщи по телефону.",
    "salon.detail.loading": "Загрузка данных салона...",
    "salon.detail.error": "Не удалось загрузить данные салона. Пожалуйста, попробуй позже.",
    "header.alt.logo": "Логотип салонов красоты Kleopatra",
    "header.aria.homeLink": "Главная",
    "header.aria.mainNav": "Основная навигация",
    "footer.aria.legalNav": "Юридическая и справочная информация",
    "footer.links.privacy": "Политика конфиденциальности",
    "footer.links.cookies": "Информация о cookie",
    "footer.links.complaints": "Порядок рассмотрения жалоб",
    "footer.links.newsletter": "Рассылка новостей",
    "footer.links.payments": "Способы оплаты",
    "footer.links.imprint": "Выходные данные (импрессум)",
    "footer.follow.label": "Подписывайтесь на нас!",
    "footer.cookie.text": "Сайт использует файлы cookie для полноценной работы.",
    "footer.cookie.details": "Подробнее",
    "footer.cookie.accept": "Понятно",
    "cart.fab.label": "Корзина",
    "about.hero.imageAlt": "Салоны красоты Kleopatra – о нас",
    "about.hero.eyebrow": "О нас",
    "about.hero.title": "Почему стоит выбрать салоны Kleopatra?",
    "about.hero.lead": "Наша цель – предложить вам как можно больше бьюти-услуг в одном месте и за как можно более короткое время, с единым фирменным стилем и высоким профессиональным уровнем.",
    "about.card1.title": "Все услуги в одном месте",
    "about.card1.text": "Парикмахерские и косметологические услуги, уход за руками и ногами, массаж и солярий – всё, что нужно для уверенного образа, в исполнении одной команды.",
    "about.card2.title": "Ориентированность на гостя",
    "about.card2.text": "Для нас важны ваше время и впечатления. Мы ждём вас с длинным графиком работы, гибкой записью и приветливыми, опытными специалистами.",
    "pricelist.hero.eyebrow": "Наши услуги",
    "pricelist.hero.title": "Прайс-лист и услуги",
    "pricelist.hero.lead": "Выберите салон Kleopatra, который находится ближе всего к вам, и посмотрите доступные там услуги.",
    "pricelist.location.label": "Выбор салона:",
    "pricelist.location.all": "Все салоны",
    "pricelist.duration.unitMinutes": "мин",
    "pricelist.price.custom": "индивидуальная цена",
    "pricelist.category.1": "Парикмахерские услуги",
    "pricelist.category.2": "Косметология",
    "pricelist.category.3": "Маникюр / наращивание ногтей",
    "pricelist.category.4": "Педикюр",
    "pricelist.category.5": "Солярий",
    "pricelist.category.6": "Массаж",
    "pricelist.category.7": "Прочее / аксессуары",
    "pricelist.category.other": "Прочие услуги",
    "contact.hero.eyebrow": "Контакты",
    "contact.hero.title": "Свяжитесь с нами",
    "contact.hero.lead": "По вопросам записи, услуг или сотрудничества напишите нам, и наша команда скоро ответит.",
    "contact.info.title": "Наши контакты",
    "contact.info.phone": "Телефон",
    "contact.info.email": "E-mail",
    "contact.info.hours": "Часы работы",
    "contact.info.social": "Подписывайтесь на нас онлайн!",
    "contact.form.title": "Написать сообщение",
    "contact.form.name": "Имя",
    "contact.form.email": "Адрес e-mail",
    "contact.form.phone": "Номер телефона",
    "contact.form.message": "Сообщение",
    "contact.form.submit": "Отправить сообщение",
    "contact.form.success": "Спасибо за ваше сообщение. Мы свяжемся с вами в ближайшее время.",
    "contact.form.error": "Произошла ошибка при отправке сообщения. Попробуйте позже.",
    "loyalty.hero.eyebrow": "Программа лояльности",
    "loyalty.hero.title": "Kleo Card – ваша карта лояльности Kleopatra",
    "loyalty.hero.lead": "Копите баллы при каждом посещении и покупке и обменивайте их на скидки, подарки и абонементы.",
    "loyalty.block1.title": "Лёгкое накопление баллов",
    "loyalty.block1.text": "За каждую услугу и покупку мы начисляем баллы на вашу карту Kleo Card, которые можно позже использовать.",
    "loyalty.block2.title": "Эксклюзивные преимущества",
    "loyalty.block2.text": "Акции, поздравления с днём рождения, дополнительные скидки – держатели Kleo Card узнают обо всём первыми.",
    "loyalty.block3.title": "Онлайн и в салоне",
    "loyalty.block3.text": "Используйте накопленные баллы как в салонах, так и в онлайн-магазине, используя один аккаунт.",
    "franchise.hero.eyebrow": "Франшиза",
    "franchise.hero.title": "Откройте собственный салон Kleopatra",
    "franchise.hero.lead": "Присоединяйтесь к одной из самых известных сетей салонов красоты в Венгрии и стройте бизнес по проверенной модели.",
    "franchise.block1.title": "Известный бренд",
    "franchise.block1.text": "Единый фирменный стиль, узнаваемое имя и общенациональный маркетинг – за брендом Kleopatra стоит более 30 лет опыта.",
    "franchise.block2.title": "Полная профессиональная поддержка",
    "franchise.block2.text": "Мы даём вам всё необходимое – от открытия салона до ежедневной работы: обучение, регламенты и методические материалы.",
    "franchise.block3.title": "Гибкие условия",
    "franchise.block3.text": "Мы поможем подобрать модель бизнеса, которая подойдёт именно вам – от нового салона до ребрендинга существующего.",
    "career.hero.eyebrow": "Карьера",
    "career.hero.title": "Присоединяйся к команде Kleopatra",
    "career.hero.lead": "Хочешь работать в стабильной, хорошо организованной и клиентоориентированной среде, где уход за красотой — это настоящий опыт?",
    "career.hero.imageAlt": "Салон красоты Kleopatra – карьерные возможности",
    "career.card1.title": "Открытые вакансии",
    "career.card1.text": "Мы ждём твоё резюме на должности управляющего салоном, парикмахера, косметолога, мастера маникюра и педикюра, массажиста и администратора — как от опытных специалистов, так и от начинающих.",
    "career.card2.title": "Почему у нас хорошо работать",
    "career.card2.text": "Стабильная компания, единый фирменный стиль, постоянные возможности профессионального развития и поддерживающая команда ждут тебя в сети салонов красоты Kleopatra.",
    "training.hero.eyebrow": "Обучение",
    "training.hero.title": "Академия Kleopatra",
    "training.hero.lead": "Наша внутренняя система обучения поддерживает профессиональное развитие, единый клиентский опыт и долгосрочное укрепление ценности бренда.",
    "training.card1.title": "Внутренние тренинги",
    "training.card1.text": "Постоянные тренинги для наших парикмахеров, косметологов и мастеров маникюра/педикюра, чтобы они всегда работали с современными техниками.",
    "training.card2.title": "Мини‑тест – базовые знания по косметологии",
    "training.quiz.q1.question": "Какому типу кожи характерна жирная Т‑зона и более сухие щёки?",
    "training.quiz.q1.optionA": "Сухая кожа",
    "training.quiz.q1.optionB": "Нормальная кожа",
    "training.quiz.q1.optionC": "Комбинированная кожа",
    "training.quiz.q1.optionD": "Чувствительная кожа",
    "training.quiz.q2.question": "Как часто рекомендуется бережный пилинг лица при нормальном типе кожи?",
    "training.quiz.q2.optionA": "Ежедневно",
    "training.quiz.q2.optionB": "2–3 раза в неделю",
    "training.quiz.q2.optionC": "Один раз в неделю",
    "training.quiz.q2.optionD": "Никогда",
    "training.quiz.submit": "Оценить тест",
    "training.quiz.resultPrefix": "Результат:",
    "training.quiz.resultSuffix": "правильных ответов.",
    "webshop.detail.breadcrumb": "Товар веб‑магазина",
    "webshop.detail.loadingProduct": "Загрузка товара…",
    "webshop.detail.notFound": "Этот товар не найден.",
    "webshop.detail.productError": "Не удалось загрузить данные товара.",
    "webshop.detail.noImage": "Для этого товара нет изображения.",
    "webshop.detail.reviewsCountLabel": "отзывов",
    "webshop.detail.reviewsError": "Не удалось загрузить отзывы.",
    "webshop.detail.reviewsTitle": "Отзывы",
    "webshop.detail.reviewsLoading": "Загрузка отзывов…",
    "webshop.detail.reviewsEmpty": "Пока нет отзывов об этом товаре. Стань первым, кто оставит отзыв!",
    "webshop.detail.reviewFormTitle": "Написать отзыв о товаре",
    "webshop.detail.nameLabel": "Имя (необязательно)",
    "webshop.detail.namePlaceholder": "Укажи своё имя (необязательно)",
    "webshop.detail.ratingLabel": "Оценка",
    "webshop.detail.textLabel": "Отзыв",
    "webshop.detail.textPlaceholder": "Опиши свой опыт использования этого товара…",
    "webshop.detail.submitLoading": "Отправка…",
    "webshop.detail.submitLabel": "Отправить отзыв",
    "webshop.detail.submitError": "Не удалось сохранить отзыв.",
    "webshop.detail.guestName": "Гость",
    "kleo-cart-updated": "Корзина обновлена.",
    "webshop.hero.imageAlt": "Kleoshop – абонементы, бьюти- и подарочные ваучеры",
    "webshop.hero.eyebrow": "САЛОНЫ КЛЕОПАТРА · ОНЛАЙН-МАГАЗИН",
    "webshop.hero.titleMain": "Абонементы, бьюти-",
    "webshop.hero.titleHighlight": "и подарочные сертификаты",
    "webshop.hero.lead": "Подарите опыт Клеопатры — или побалуйте себя — с онлайн-покупкой, оплатой картой или при получении, а также купонными скидками.",
    "webshop.hero.cta.products": "Посмотреть товары",
    "webshop.hero.cta.profile": "Гостевой профиль / регистрация",
    "webshop.hero.invoiceAlt": "Пример гостевого счёта",
    "webshop.hero.invoiceText": "После каждой онлайн-покупки мы отправляем гостевой счёт на e‑mail — так вы легко отслеживаете все впечатления Клеопатры.",
    "webshop.hero.badge.vouchers": "Подарочные сертификаты",
    "webshop.hero.badge.packages": "Бьюти‑пакеты",
    "webshop.hero.badge.passes": "Абонементы",
    "webshop.list.eyebrow": "Онлайн-покупка",
    "webshop.list.title": "Выберите абонемент, бьюти- или подарочный сертификат",
    "webshop.list.lead": "Товары ниже поступают напрямую из салонов Cleopatra Beauty и доставляются как можно быстрее. Показаны только действительно доступные позиции.",
    "webshop.list.loading": "Загрузка товаров…",
    "webshop.list.emptyFiltered": "В данный момент нет товаров, соответствующих выбранному фильтру. Попробуйте другую категорию или сбросьте фильтр.",
    "webshop.list.resetFilters": "Все товары",
    "webshop.list.addToCart": "В корзину",
    "webshop.cart.title": "Корзина",
    "webshop.cart.empty": "Ваша корзина сейчас пуста. Пожалуйста, выберите товар из списка.",
    "webshop.cart.subtotal": "Промежуточный итог:",
    "webshop.cart.discount": "Скидка по купону",
    "webshop.cart.total": "К оплате:",
    "webshop.cart.clear": "Очистить корзину",
    "webshop.cart.gotoCheckout": "Перейти к оформлению",
    "webshop.registration.eyebrow": "Гостевой профиль",
    "webshop.registration.title": "Регистрация как гость Cleopatra",
    "webshop.registration.lead": "Если вы хотите, чтобы система Cleopatra распознавала вас как гостя, создайте аккаунт веб‑магазина. Ваши данные будут сохранены в таблице public.users.",
    "webshop.registration.fullNameLabel": "Полное имя*",
    "webshop.registration.emailLabel": "E‑mail адрес*",
    "webshop.registration.passwordLabel": "Пароль*",
    "webshop.registration.submit": "Зарегистрироваться",
    "webshop.registration.submitLoading": "Обработка…",
    "webshop.checkout.eyebrow": "Оплата и доставка",
    "webshop.checkout.title": "Завершение заказа",
    "webshop.checkout.lead": "Укажите платёжные и адресные данные, выберите способ оплаты и, если есть, введите купон для получения скидки.",
    "webshop.checkout.couponLabel": "Код купона",
    "webshop.checkout.couponPlaceholder": "Например, KLEO10",
    "webshop.checkout.couponApply": "Применить купон",
    "webshop.checkout.couponChecking": "Проверка…",
    "webshop.checkout.fullNameLabel": "Полное имя*",
    "webshop.checkout.emailLabel": "E‑mail адрес*",
    "webshop.checkout.phoneLabel": "Номер телефона",
    "webshop.checkout.paymentMethodLabel": "Способ оплаты",
    "webshop.checkout.payment.card": "Оплата картой",
    "webshop.checkout.payment.cod": "Наложенный платёж (оплата курьеру)",
    "webshop.checkout.addressLabel": "Адрес выставления счёта / доставки*",
    "webshop.checkout.noteLabel": "Комментарий к заказу",
    "webshop.checkout.notePlaceholder": "Например, на кого оформлен подарочный сертификат, особые пожелания, текст на счёте…",
    "webshop.checkout.subtotal": "Промежуточный итог:",
    "webshop.checkout.discount": "Скидка по купону",
    "webshop.checkout.total": "К оплате:",
    "webshop.checkout.submit": "Отправить заказ",
    "webshop.checkout.submitLoading": "Отправка заказа…",
    "webshop.checkout.emptyCartHint": "Перед оформлением заказа добавьте товары в корзину.",
    "webshop.list.error": "Не удалось загрузить товары интернет‑магазина. Пожалуйста, попробуйте позже.",
    "webshop.coupon.error.empty": "Пожалуйста, введите промокод.",
    "webshop.coupon.error.noCart": "Сначала добавьте товары в корзину, затем примените промокод.",
    "webshop.coupon.error.general": "Не удалось проверить промокод. Пожалуйста, попробуйте ещё раз.",
    "webshop.coupon.error.invalid": "Недействительный промокод или он не применяется к этому заказу.",
    "webshop.coupon.success": "Промокод успешно применён к вашему заказу.",
    "webshop.registration.error.missingFields": "Пожалуйста, заполните все поля для регистрации.",
    "webshop.registration.error.general": "Регистрация не удалась. Пожалуйста, попробуйте ещё раз.",
    "webshop.registration.success": "Регистрация прошла успешно! Теперь вы можете совершать покупки с гостевым профилем Kleopátra.",
    "webshop.order.error.noCart": "Сначала добавьте товары в корзину, затем оформляйте заказ.",
    "webshop.order.error.missingFields": "Пожалуйста, укажите имя, e‑mail и адрес для выставления счёта/доставки.",
    "webshop.order.error.general": "Не удалось оформить заказ. Пожалуйста, попробуйте ещё раз.",
    "webshop.order.error.unknown": "Произошла неизвестная ошибка при оформлении заказа.",
    "webshop.order.success": "Спасибо за заказ! Подтверждающий счёт мы отправим по электронной почте."
  }
}